Referencia / SKU,Nombre del Producto,Stock
1066713,Tarjeta Micro Sd 128Gb Kingston Canvas Select Plus,En Stock
1062251,Portátil Dell Latitude 14 5440 Intel Core I7 16Gb,En Stock
1049188,Dtx/64Gb Usb 3,2 64 Gb Dtx Exodia,En Stock
1057991,Dt70/64Gb Usb Tipo C 64 Gb Dt70 3,2,En Stock
1064800,Hdd Wd Red Disco Mecanco Red Nas 142Kfgx 14Tb,En Stock
1065878,Tarjeta Micro Sd 64Gb Kingston Canvas Go Plus 4K,En Stock
1049189,Dtx/128Gb Usb 3,2 128 Gb Dtx Exodia,En Stock
1066067,Memoria Usb 256Gb Kingston Swivel Tapa Giratoria,En Stock
1064482,Ssd 2Tb Nv3 M.2 Pcie 2280,En Stock
1066723,Portatil Lenovo V14 G4 Amn Ryz3,En Stock
